Feature,Importance
BMI,0.41656769600291554
Weight,0.1988747691673153
FCVC,0.06663041907249795
Age,0.0522190275949268
Height,0.04913006404767792
Gender,0.044952994468059976
NCP,0.027941430544590334
CH2O,0.021952266884224518
CAEC,0.020659119419082057
FAF,0.020539278215924384
TUE,0.020497603869185383
family_history_with_overweight,0.019709090458154378
CALC,0.016890300848666485
FAVC,0.009941333810056931
MTRANS,0.009044407086814145
SCC,0.003419855010194847
SMOKE,0.0010303434997130767
